location,total_sqft,bath,price,bhk
Dwarka Expressway,1550,3,116,3
Dwarka Expressway,2250,3,190,3
Dwarka Expressway,1365,2,75,2
Dwarka Expressway,650,2,50,2
Dwarka Expressway,1365,2,75,2
Dwarka Expressway,650,2,50,2
Dwarka Expressway,995,2,95,2
Dwarka Expressway,995,3,102,2
Dwarka Expressway,995,2,110,3
Dwarka Expressway,995,4,120,3
Golf Course Road,4337,5,750,4
Golf Course Road,4337,5,750,4
Golf Course Road,2821,3,530,4
Golf Course Road,2821,3,530,4
Golf Course Road,5000,5,950,5
Golf Course Road,2810,4,590,4
Golf Course Road,5000,5,950,5
Golf Course Road,2810,4,590,4
Golf Course Road,2500,3,385,3
Golf Course Road,2500,3,385,3
Golf Course Road,5100,6,900,5
Golf Course Road,5100,6,900,5
Golf Course Road,6049,5,800,5
Golf Course Road,6049,5,800,5
Golf Course Road,2595,3,539,3
Golf Course Road,2595,3,539,3
Golf Course Road,4337,5,750,4
Palam Vihar,2400,3,222,3
Palam Vihar,2400,3,222,3
Palam Vihar,2808,4,335,4
Palam Vihar,2808,4,335,4
Palam Vihar,3000,4,360,4
Palam Vihar,2850,4,376,4
Palam Vihar,2850,4,376,4
Palam Vihar,2200,3,165,3
Palam Vihar,1145,2,80,2
Palam Vihar,1145,2,80,2
Palam Vihar,1000,2,85,2
Palam Vihar,1250,3,115,3
Palam Vihar,1000,2,85,2
Palam Vihar,1250,3,115,3
Palam Vihar,3500,4,235,4
Palam Vihar,3500,4,235,4
Palam Vihar,2500,5,300,5
Palam Vihar,942,2,82,2
Palam Vihar,2500,5,300,5
Palam Vihar,942,2,82,2
Palam Vihar,1850,3,180,3
Palam Vihar,1850,3,180,3
Palam Vihar,1450,3,103,2
Palam Vihar,1450,3,103,2
Palam Vihar,725,1,70,1
Palam Vihar,525,2,36.8,2
Palam Vihar,725,1,70,1
Palam Vihar,1145,2,77.4,2
Palam Vihar,1145,2,77.4,2
Palam Vihar,1100,2,90,2
Palam Vihar,1100,2,90,2
Palam Vihar,2550,4,225,4
Palam Vihar,2550,4,225,4
Palam Vihar,2650,3,290,3
Palam Vihar,2650,3,290,3
Palam Vihar,1375,3,120,3
Palam Vihar,1375,3,120,3
Palam Vihar,1350,3,100,3
Phase 1 DLF,3000,4,550,4
Phase 1 DLF,2100,4,290,4
Phase 1 DLF,3000,4,550,4
Phase 1 DLF,2100,4,290,4
Phase 1 DLF,2650,4,320,4
Phase 1 DLF,2100,4,380,4
Phase 1 DLF,2100,4,380,4
Phase 1 DLF,2400,4,395,4
Phase 1 DLF,2400,4,395,4
Phase 1 DLF,4300,4,675,4
Phase 1 DLF,2300,4,325,4
Phase 1 DLF,2300,4,325,4
Phase 1 DLF,1070,2,135,2
Phase 1 DLF,1070,2,135,2
Phase 1 DLF,1050,2,140,2
Phase 1 DLF,1050,2,140,2
Phase 1 DLF,3000,4,550,4
Phase 2 DLF,1600,3,275,3
Phase 2 DLF,3200,4,500,4
Phase 2 DLF,3200,4,500,4
Phase 2 DLF,2900,4,485,4
Phase 2 DLF,2900,4,485,4
Phase 2 DLF,2295,4,400,4
Phase 2 DLF,3000,4,490,4
Phase 2 DLF,3000,4,490,4
Phase 2 DLF,2000,3,340,3
Phase 2 DLF,3618,4,525,4
Phase 2 DLF,2000,3,340,3
Phase 2 DLF,3618,4,525,4
Phase 2 DLF,2270,4,370,4
Phase 2 DLF,5500,6,1000,5
Phase 2 DLF,2270,4,370,4
Phase 2 DLF,5500,6,1000,5
Phase 2 DLF,3000,4,525,4
Phase 2 DLF,3800,4,550,4
Phase 2 DLF,2200,4,350,4
Phase 2 DLF,2200,4,350,4
Phase 2 DLF,2100,4,410,4
Phase 2 DLF,2844,4,398,4
Phase 2 DLF,1650,3,265,3
Phase 2 DLF,1650,3,265,3
Phase 2 DLF,2850,4,467,4
Phase 2 DLF,1600,3,275,3
Phase 2 DLF,3200,4,500,4
Phase 2 DLF,1600,3,275,3
Phase 2 DLF,3000,4,525,4
Phase 2 DLF,3800,4,550,4
Phase 2 DLF,2844,4,398,4
Phase 2 DLF,1600,3,275,3
Phase 2 DLF,3200,4,500,4
Phase 3 DLF,3200,5,410,4
Phase 3 DLF,3200,5,410,4
Phase 3 DLF,3500,4,465,4
Phase 3 DLF,2600,3,300,3
Phase 3 DLF,3500,4,465,4
Phase 3 DLF,2600,3,300,3
Phase 3 DLF,2325,4,375,4
Phase 3 DLF,2325,4,375,4
Phase 3 DLF,2625,4,455,4
Phase 3 DLF,2625,4,455,4
Phase 3 DLF,3500,4,598,4
Phase 3 DLF,3500,4,598,4
Phase 3 DLF,2400,4,290,4
Phase 3 DLF,2400,4,290,4
Phase 3 DLF,1720,4,301,4
Phase 3 DLF,2000,4,309,4
Phase 3 DLF,2000,4,309,4
Phase 3 DLF,1720,4,301,4
Phase 4 DLF,1370,3,190,3
Phase 4 DLF,1370,3,190,3
Phase 4 DLF,1150,2,153,2
Phase 4 DLF,3700,4,500,4
Phase 4 DLF,5832,5,980,5
Phase 4 DLF,5832,5,980,5
Phase 4 DLF,2000,4,360,4
Phase 4 DLF,2000,4,360,4
Phase 4 DLF,1600,4,280,3
Phase 4 DLF,1600,4,280,3
Phase 4 DLF,3650,5,700,4
Phase 4 DLF,1105,2,150,2
Phase 4 DLF,1105,2,150,2
Phase 4 DLF,1700,4,230,4
Phase 4 DLF,1700,4,230,4
Phase 4 DLF,1730,3,250,3
Phase 4 DLF,7250,10,1222,10
Phase 4 DLF,7250,10,1222,10
Phase 4 DLF,1800,3,225,3
Phase 4 DLF,1800,3,225,3
Phase 4 DLF,1105,2,137,2
Phase 4 DLF,1105,2,137,2
Phase 5 DLF,3000,4,600,3
Phase 5 DLF,3550,5,825,4
Phase 5 DLF,3000,4,600,3
Phase 5 DLF,3550,5,825,4
Phase 5 DLF,1296,3,240,3
Phase 5 DLF,2200,4,610,4
Phase 5 DLF,2200,4,475,4
Phase 5 DLF,2200,4,610,4
Phase 5 DLF,2200,4,475,4
Phase 5 DLF,1150,3,225,3
Phase 5 DLF,1150,3,225,3
Phase 5 DLF,2750,4,550,4
Phase 5 DLF,2750,4,550,4
Phase 5 DLF,2650,4,515,4
Phase 5 DLF,2650,4,515,4
Phase 5 DLF,1341,3,225,3
Phase 5 DLF,1341,3,225,3
Phase 5 DLF,1550,3,310,3
Phase 5 DLF,1550,3,310,3
Phase 5 DLF,2470,4,500,4
Phase 5 DLF,1350,3,240,3
Phase 5 DLF,1350,3,240,3
Phase 5 DLF,2470,4,500,4
Sohna Road,1000,2,84.9,2
Sohna Road,849,2,109,2
Sohna Road,1000,2,84.9,2
Sohna Road,849,2,109,2
Sohna Road,1900,3,250,3
Sohna Road,849,2,109,2
Sohna Road,1900,3,250,3
Sohna Road,726,2,100,2
Sohna Road,726,2,100,2
Sohna Road,1859,3,250,3
Sohna Road,1859,3,250,3
Sohna Road,560,2,29,2
Sohna Road,1945,3,175,3
Sohna Road,2360,4,275,3
Sohna Road,1945,3,175,3
Sohna Road,2360,4,275,3
Sohna Road,900,2,132,2
Sohna Road,700,2,48.6,2
Sohna Road,730,2,40,2
Sohna Road,730,2,40,2
Sohna Road,2150,3,185,3
Sohna Road,2150,3,185,3
Sohna Road,2061,3,280,3
Sohna Road,520,2,35,2
Sohna Road,520,2,35,2
Sohna Road,2200,4,285,4
Sohna Road,1805,3,240,3
Sohna Road,1805,3,240,3
Sohna Road,864,2,81,2
Sohna Road,864,2,81,2
Sohna Road,1150,3,135,3
Sohna Road,1150,3,135,3
Sohna Road,600,2,59,2
Sohna Road,600,2,59,2
Sohna Road,2385,3,78.7,3
Sohna Road,342,1,25,1
Sohna Road,1230,3,137,3
Sohna Road,474,2,25,2
Sohna Road,1884,3,250,3
Sohna Road,849,2,109,2
Sohna Road,849,2,109,2
Sohna Road,700,2,48.6,2
Sohna Road,1264,2,90,2
Sohna Road,1230,3,137,3
Sohna Road,474,2,25,2
Sohna Road,474,2,25,2
Sohna Road,1884,3,250,3
Sohna Road,1230,3,137,3
Sohna Road,1000,2,84.9,2
Sohna Road,849,2,109,2
Sohna Road,849,2,109,2
South City,2210,4,315,4
South City,2400,4,302,4
South City,2400,4,302,4
South City,2700,4,360,4
South City,2700,4,360,4
South City,2890,3,340,3
South City,2890,3,340,3
South City,2700,4,306,4
South City,2700,4,306,4
South City,3000,4,351,4
South City,3000,4,351,4
South City,1900,3,265,3
South City,4455,9,514,9
South City,4455,9,514,9
South City,1600,3,233,3
South City,1600,3,233,3
South City,4500,4,488,4
South City,860,2,110,2
South City,860,2,110,2
South City,2210,4,315,4
South City,2210,4,315,4
South City,2210,4,315,4
South City,2400,4,302,4
Sushant Lok,3200,4,415,4
Sushant Lok,2650,4,320,4
Sushant Lok,3200,4,415,4
Sushant Lok,2475,4,358,4
Sushant Lok,2475,4,358,4
Sushant Lok,1916,5,410,4
Sushant Lok,1916,5,410,4
Sushant Lok,7000,5,1300,4
Sushant Lok,7000,5,1300,4
Sushant Lok,2850,4,330,4
Sushant Lok,2850,4,330,4
Sushant Lok,2200,3,315,3
Sushant Lok,2200,3,315,3
Sushant Lok,2300,4,475,4
Sushant Lok,2300,4,475,4
Sushant Lok,3550,6,525,5
Sushant Lok,3550,6,525,5
Sushant Lok,1750,4,340,4
Sushant Lok,4000,4,550,4
Sushant Lok,1750,4,340,4
Sushant Lok,4000,4,550,4
Sushant Lok,2500,4,350,4
Sushant Lok,2500,4,350,4
Sushant Lok,6500,7,1075,7
Sushant Lok,1500,3,228,3
Sushant Lok,3285,4,385,4
Sushant Lok,900,2,130,2
Sushant Lok,3000,5,450,4
Sushant Lok,1900,4,341,4
Sushant Lok,3000,5,450,4
Sushant Lok,1900,4,341,4
Sushant Lok,1800,4,290,4
Sushant Lok,1975,4,350,4
Sushant Lok,5000,7,575,7
Sushant Lok,1655,3,265,3
Sushant Lok,1800,4,290,4
Sushant Lok,1655,3,265,3
Sushant Lok,1650,3,265,3
Sushant Lok,1650,3,265,3
Sushant Lok,1325,4,270,4
Sushant Lok,3469,6,580,4
Sushant Lok,3469,6,580,4
Sushant Lok,1550,3,175,3
Sushant Lok,1500,3,250,3
Sushant Lok,1500,3,250,3
Sushant Lok,2332,4,334,4
Sushant Lok,3600,5,480,5
Sushant Lok,2332,4,334,4
Sushant Lok,3600,5,480,5
Sushant Lok,3285,4,385,4
Sushant Lok,900,2,130,2
Sushant Lok,1975,4,350,4
Sushant Lok,1325,4,270,4
Sushant Lok,2100,4,290,4
other,1660,3,178,3
other,873,2,114,2
other,873,2,114,2
other,985,2,90,2
other,985,2,90,2
other,3400,4,380,4
other,3400,4,380,4
other,1950,4,137,4
other,1950,4,137,4
other,3000,4,265,4
other,3000,4,265,4
other,1080,4,101,4
other,6000,3,500,3
other,6000,3,500,3
other,1250,2,106,2
other,1250,2,106,2
other,825,2,65,2
other,1406,2,160,2
other,825,2,65,2
other,1406,2,160,2
other,2200,3,175,3
other,700,2,45,2
other,2200,3,175,3
other,700,2,45,2
other,2727,4,150,4
other,1800,3,210,3
other,1800,3,210,3
other,2000,3,235,3
other,2000,3,235,3
other,2262,3,160,3
other,2262,3,160,3
other,2400,4,150,4
other,2372,4,273,4
other,2400,4,326,4
other,340,1,20,1
other,1999,3,290,4
other,1999,3,290,4
other,2727,4,150,4
sector10.0,596,2,56.4,2
sector10.0,600,2,57,2
sector10.0,596,2,60,3
sector10.0,596,3,58,2
sector10.0,650,3,80,4
sector10.0,600,2,70,4
sector10.0,1088,3,90,3
sector10.0,1088,3,90,3
sector10.0,1080,3,125,3
sector10.0,1080,3,125,3
sector102.0,1650,3,155,3
sector102.0,2025,3,199,3
sector102.0,2025,3,199,3
sector102.0,1600,4,220,3
sector102.0,1692,3,177,3
sector102.0,1600,2,190,3
sector102.0,1600,2,190,3
sector102.0,532,2,52,2
sector102.0,532,2,52,2
sector102.0,1070,2,135,2
sector102.0,1070,2,135,2
sector102.0,1350,3,160,3
sector102.0,1350,3,160,3
sector102.0,1898,3,245,3
sector102.0,1898,3,245,3
sector102.0,2250,4,250,4
sector102.0,1689,3,191,3
sector102.0,1650,3,200,3
sector102.0,1650,3,200,3
sector102.0,2149,3,255,3
sector102.0,2149,3,255,3
sector102.0,1215,2,143,2
sector102.0,1215,2,143,2
sector102.0,2000,3,190,3
sector102.0,2000,3,190,3
sector102.0,1650,3,155,3
sector102.0,2250,4,250,4
sector102.0,1689,3,191,3
sector102.0,2000,3,190,3
sector102.0,1650,3,155,3
sector103.0,2000,3,158,3
sector103.0,2300,4,180,3
sector103.0,2300,4,180,3
sector103.0,1799,3,155,3
sector103.0,1799,3,155,3
sector103.0,613,2,51.5,2
sector103.0,613,2,51.5,2
sector103.0,1267,2,112,2
sector103.0,1267,2,112,2
sector103.0,1100,2,90,2
sector103.0,1100,2,90,2
sector103.0,1790,3,150,3
sector103.0,1790,3,150,3
sector103.0,1762,3,105,3
sector103.0,4700,4,315,4
sector103.0,4700,4,315,4
sector103.0,1762,3,110,3
sector103.0,1762,3,115,3
sector103.0,2000,3,158,3
sector103.0,1762,3,110,3
sector103.0,1762,3,105,3
sector103.0,2000,3,158,3
sector104.0,3150,5,310,4
sector104.0,3150,5,310,4
sector104.0,1700,2,165,2
sector104.0,1700,2,165,2
sector104.0,1603,3,183,3
sector104.0,1603,3,183,3
sector104.0,2150,4,285,3
sector104.0,850,2,85,2
sector104.0,1100,3,165,3
sector104.0,450,2,60,2
sector104.0,450,2,60,2
sector104.0,1060,3,139,3
sector104.0,2950,4,275,4
sector104.0,2950,4,275,4
sector104.0,1021,2,110,2
sector104.0,1021,2,110,2
sector104.0,2450,3,294,3
sector104.0,1000,2,150,2
sector104.0,2210,4,275,4
sector104.0,1000,2,150,2
sector104.0,2150,4,285,3
sector104.0,2450,3,294,3
sector104.0,2210,4,275,4
sector104.0,3150,5,310,4
sector105.0,550,2,28,2
sector105.0,550,2,28,2
sector105.0,450,1,33,1
sector105.0,450,1,33,1
sector105.0,960,3,47,3
sector105.0,900,4,42.3,4
sector105.0,900,4,42.3,4
sector105.0,360,1,19,1
sector105.0,775,2,35,2
sector105.0,360,1,19,1
sector105.0,450,1,33,1
sector105.0,450,1,33,1
sector105.0,960,3,47,3
sector106.0,1359,3,162,3
sector106.0,1359,3,162,3
sector106.0,1665,3,145,3
sector106.0,1665,3,145,3
sector106.0,1250,3,162,3
sector106.0,1250,3,162,3
sector106.0,1366,2,160,2
sector106.0,1366,2,160,2
sector106.0,1900,3,150,3
sector106.0,1900,3,150,3
sector106.0,2355,4,175,4
sector106.0,1800,4,160,4
sector106.0,1800,4,160,4
sector106.0,1500,4,190,4
sector106.0,1550,3,130,3
sector106.0,1500,4,190,4
sector106.0,1550,3,130,3
sector106.0,3100,4,364,4
sector106.0,1100,2,107,2
sector106.0,1100,2,107,2
sector106.0,1855,3,270,3
sector106.0,1855,3,270,3
sector106.0,1760,3,150,3
sector106.0,1760,3,150,3
sector106.0,4495,5,700,5
sector106.0,4495,5,700,5
sector106.0,1100,3,149,3
sector106.0,4495,5,655,5
sector106.0,1100,3,149,3
sector106.0,1593,3,190,3
sector106.0,1593,3,190,3
sector106.0,3100,4,364,4
sector106.0,1855,3,298,3
sector106.0,1855,3,298,3
sector107.0,1350,3,135,3
sector107.0,1350,3,135,3
sector107.0,1534,2,115,2
sector107.0,1534,2,115,2
sector107.0,1943,3,140,3
sector107.0,1943,3,140,3
sector107.0,1350,3,135,3
sector107.0,1400,3,150,4
sector107.0,1350,2,120,3
sector107.0,1350,4,140,3
sector108.0,2073,3,373,3
sector108.0,2631,5,255,4
sector108.0,2631,5,255,4
sector108.0,1845,3,221,3
sector108.0,1845,3,221,3
sector108.0,2072,3,340,3
sector108.0,2072,3,340,3
sector108.0,2003,4,195,3
sector108.0,2003,4,195,3
sector108.0,2459,4,390,4
sector108.0,2459,4,390,4
sector108.0,1500,3,180,3
sector108.0,5000,3,368,3
sector108.0,5000,3,368,3
sector108.0,2073,3,373,3
sector108.0,1500,3,180,3
sector108.0,2073,3,373,3
sector109.0,3200,4,300,4
sector109.0,3200,4,300,4
sector109.0,1500,4,177,3
sector109.0,1500,4,177,3
sector109.0,1945,4,180,3
sector109.0,1945,4,180,3
sector109.0,5000,4,347,4
sector109.0,5000,4,347,4
sector109.0,3250,4,225,4
sector109.0,3250,4,225,4
sector11.0,655,2,30,2
sector11.0,700,2,27.6,2
sector11.0,700,2,27.6,2
sector11.0,653,2,33,2
sector11.0,810,2,32.6,2
sector11.0,655,2,30,2
sector11.0,655,2,40,3
sector11.0,660,3,45,3
sector11.0,655,3,35,2
sector11.0,650,2,32,2
sector111.0,6000,7,960,5
sector111.0,2570,4,393,4
sector111.0,2570,4,393,4
sector111.0,2550,5,370,4
sector111.0,2550,5,370,4
sector111.0,1825,3,237,3
sector111.0,1550,3,210,3
sector111.0,1550,3,210,3
sector111.0,2400,4,352,4
sector111.0,2400,4,352,4
sector111.0,2237,3,275,3
sector111.0,2237,3,275,3
sector111.0,336,1,45,1
sector111.0,336,1,45,1
sector111.0,6000,7,960,5
sector111.0,6000,7,960,5
sector111.0,1825,3,237,3
sector111.0,1665,3,209,3
sector111.0,1665,3,209,3
sector111.0,6000,7,960,5
sector112.0,5000,5,650,5
sector112.0,2000,3,300,3
sector112.0,2000,3,300,3
sector112.0,2802,4,385,3
sector112.0,2802,4,385,3
sector112.0,2802,3,370,3
sector112.0,2802,3,370,3
sector112.0,4500,5,650,5
sector112.0,4500,5,650,5
sector112.0,2215,3,275,3
sector112.0,2895,3,329,3
sector112.0,4111,5,614,5
sector112.0,2535,3,315,3
sector112.0,2535,3,315,3
sector112.0,5000,5,650,5
sector112.0,5000,5,650,5
sector112.0,2895,3,329,3
sector112.0,5000,5,650,5
sector113.0,1100,2,150,2
sector113.0,1100,2,150,2
sector113.0,2050,3,290,3
sector113.0,1550,4,315,3
sector113.0,2050,3,290,3
sector113.0,1550,4,315,3
sector113.0,1300,3,236,3
sector113.0,1300,3,236,3
sector113.0,1700,3,275,3
sector113.0,1700,3,275,3
sector113.0,1900,5,311,4
sector113.0,1900,5,311,4
sector113.0,1665,3,295,3
sector113.0,1665,3,295,3
sector113.0,1310,2,200,2
sector113.0,1310,2,200,2
sector12.0,1100,3,69,3
sector12.0,1100,3,69,3
sector12.0,560,2,42,2
sector12.0,560,2,42,2
sector12.0,550,2,50,2
sector12.0,550,2,50,2
sector12.0,900,3,54.6,3
sector12.0,900,3,54.6,3
sector12.0,1800,5,180,5
sector12.0,1800,5,180,5
sector12.0,560,2,42,2
sector12.0,560,2,42,2
sector12.0,550,2,50,2
sector12.0,550,2,50,2
sector15.0,2000,3,190,3
sector15.0,1408,3,200,3
sector15.0,1408,3,200,3
sector15.0,850,2,84,2
sector15.0,10000,6,1200,6
sector15.0,4500,5,575,5
sector15.0,4500,5,575,5
sector15.0,10000,6,1200,6
sector15.0,10000,5,1100,6
sector15.0,10000,6,1150,5
sector2.0,849,2,91.5,2
sector2.0,1563,3,141,3
sector2.0,1563,3,141,3
sector2.0,1200,3,105,3
sector2.0,732,2,85,2
sector2.0,1465,2,105,2
sector2.0,1465,2,105,2
sector2.0,726,2,78.2,2
sector2.0,726,2,78.2,2
sector2.0,625,2,32.9,2
sector2.0,850,2,80,2
sector2.0,1200,3,105,3
sector2.0,1320,3,68,3
sector23.0,1250,3,165,3
sector23.0,1250,3,165,3
sector23.0,2500,6,550,6
sector23.0,2500,6,550,6
sector23.0,1800,3,175,3
sector23.0,1800,3,175,3
sector23.0,1380,3,160,3
sector23.0,1380,3,160,3
sector23.0,1449,4,315,4
sector23.0,1449,4,315,4
sector23.0,1800,3,168,3
sector23.0,1800,3,168,3
sector23.0,2000,4,209,4
other,2100,4,350,3
other,2100,4,350,3
other,3215,4,500,4
other,1620,3,344,3
other,1620,3,344,3
other,3600,4,480,4
other,3600,4,480,4
other,3600,4,480,4
other,3600,4,480,4
sector28.0,2250,4,629,4
sector28.0,2250,4,629,4
sector28.0,2200,4,585,3
sector28.0,4175,4,1150,4
sector28.0,4175,3,1100,4
sector28.0,4200,4,1200,4
sector28.0,4175,5,1200,4
sector28.0,4100,4,1100,4
sector28.0,2800,4,350,4
sector28.0,2800,4,350,4
sector3.0,1400,5,120,5
sector3.0,1050,2,113,2
sector3.0,1050,2,113,2
sector3.0,1444,2,113,2
sector3.0,1444,2,123,2
sector3.0,1444,2,123,2
sector3.0,581,2,50,2
sector3.0,581,2,50,2
sector3.0,2650,4,260,4
sector3.0,1000,3,67.5,3
sector3.0,2650,4,260,4
other,3800,4,630,4
other,3800,4,630,4
other,2400,4,338,3
other,1800,3,245,3
other,1800,3,245,3
sector32.0,2333,3,420,3
sector32.0,1700,3,155,3
sector32.0,1700,3,155,3
sector32.0,2600,4,315,4
sector32.0,2600,4,315,4
sector32.0,650,2,90,2
sector32.0,650,2,90,2
sector32.0,1093,2,110,2
sector32.0,1093,2,110,2
sector32.0,1789,3,165,3
sector32.0,1789,3,165,3
sector32.0,1789,3,205,3
sector32.0,1789,3,205,3
sector32.0,950,3,130,3
sector32.0,950,3,130,3
sector32.0,1255,2,115,2
sector32.0,1255,2,115,2
sector32.0,1117,3,210,3
sector32.0,1117,3,210,3
sector32.0,999,3,171,3
sector32.0,2200,4,273,4
sector32.0,2200,4,273,4
sector32.0,2333,3,420,3
sector32.0,1117,3,210,3
sector32.0,999,3,171,3
sector32.0,2333,3,420,3
sector32.0,1700,3,155,3
sector33.0,610,2,44.9,2
sector33.0,610,2,44.9,2
sector33.0,1385,2,118,2
sector33.0,1385,2,118,2
sector33.0,1898,3,190,3
sector33.0,1898,3,190,3
sector33.0,900,2,103,2
sector33.0,950,3,110,3
sector33.0,1590,3,162,3
sector33.0,1590,3,162,3
sector33.0,1385,2,100,2
sector33.0,1274,3,130,3
sector33.0,1385,2,100,2
sector33.0,1274,3,130,3
sector33.0,1000,3,77,3
sector33.0,900,4,80,4
sector33.0,697,2,85,2
sector33.0,697,2,85,2
sector33.0,1380,2,115,2
sector33.0,1380,2,115,2
sector33.0,996,3,116,3
sector33.0,1311,2,120,2
sector33.0,1311,2,120,2
sector33.0,950,3,110,3
sector33.0,1000,3,77,3
sector33.0,697,2,85,2
sector33.0,697,2,85,2
sector33.0,996,3,116,3
sector36.0,740,2,54.1,3
sector36.0,740,2,54.1,3
sector36.0,1081,3,85,3
sector36.0,1478,2,220,2
sector36.0,1550,3,99,3
sector36.0,1210,3,100,3
sector36.0,1210,3,101,3
sector36.0,1550,3,99,3
sector36.0,643,3,82,3
sector36.0,643,3,82,3
sector36.0,822,2,62,2
sector36.0,2046,3,225,3
sector36.0,1081,3,79.9,3
sector36.0,1081,3,79.9,3
sector36.0,750,2,69,2
sector36.0,750,2,69,2
sector36.0,1081,3,83,3
sector36.0,1081,3,83,3
sector36.0,810,3,73.7,3
sector36.0,810,3,73.7,3
sector36.0,1081,3,85,3
sector36.0,640,2,70.5,2
sector36.0,1081,3,85,3
sector36.0,640,2,70.5,2
sector36.0,790,3,78,3
sector36.0,790,3,78,3
sector36.0,1081,3,75,3
sector36.0,1081,3,84.6,3
sector36.0,1478,2,178,2
sector36.0,1081,3,75,3
sector36.0,1081,3,84.6,3
sector36.0,1478,2,178,2
sector36.0,750,2,74.4,2
sector36.0,845,2,55,2
sector36.0,750,2,74.4,2
sector36.0,845,2,55,2
sector36.0,523,2,70,2
sector36.0,575,2,39.3,2
sector36.0,575,2,39.3,2
sector36.0,1439,3,100,3
sector36.0,1081,3,85,3
sector36.0,822,2,62,2
sector36.0,523,2,70,2
sector37.0,1024,2,125,2
sector37.0,1578,2,95,2
sector37.0,1578,2,95,2
sector37.0,1940,4,128,3
sector37.0,1940,4,128,3
sector37.0,1500,3,142,3
sector37.0,1379,2,96,2
sector37.0,1998,4,208,4
sector37.0,1998,4,208,4
sector37.0,1500,3,122,3
sector37.0,1500,3,122,3
sector37.0,2191,3,159,4
sector37.0,1290,2,120,3
sector37.0,2000,4,241,4
sector37.0,986,3,122,3
sector37.0,1290,2,120,3
sector37.0,2000,4,241,4
sector37.0,986,3,122,3
sector37.0,1695,3,115,3
sector37.0,1695,3,115,3
sector37.0,3400,5,450,5
sector37.0,3400,5,450,5
sector37.0,2550,4,275,3
sector37.0,2550,4,275,3
sector37.0,1720,3,120,3
sector37.0,1720,3,120,3
sector37.0,586,2,44,2
sector37.0,2360,4,290,3
sector37.0,586,2,44,2
sector37.0,2360,4,290,3
sector37.0,1102,3,85,3
sector37.0,1000,3,60,3
sector37.0,1102,3,85,3
sector37.0,1550,3,116,3
sector37.0,975,2,59.8,2
sector37.0,900,3,46.5,3
sector37.0,1811,3,165,3
sector37.0,2700,4,325,4
sector37.0,2550,4,305,4
sector37.0,975,2,59.8,2
sector37.0,900,3,46.5,3
sector37.0,1811,3,165,3
sector37.0,2550,4,305,4
sector37.0,1200,2,110,2
sector37.0,1200,2,110,2
sector37.0,1766,3,201,3
sector37.0,1850,4,177,4
sector37.0,1850,4,177,4
sector37.0,1720,2,118,3
sector37.0,1750,4,225,3
sector37.0,1264,2,90,2
sector37.0,3470,5,350,3
sector37.0,1720,2,118,3
sector37.0,3470,5,350,3
sector37.0,2700,3,196,4
sector37.0,2250,3,190,3
sector37.0,825,2,57,2
sector37.0,1224,3,135,3
sector37.0,825,2,57,2
sector37.0,1224,3,135,3
sector37.0,1100,3,145,3
sector37.0,1371,2,110,2
sector37.0,1198,3,122,3
sector37.0,1371,2,110,2
sector37.0,1198,3,122,3
sector37.0,929,2,60,2
sector37.0,1811,3,149,3
sector37.0,400,2,42.3,2
sector37.0,929,2,60,2
sector37.0,1811,3,149,3
sector37.0,400,2,42.3,2
sector37.0,1345,3,100,3
sector37.0,1560,4,95,4
sector37.0,1345,3,100,3
sector37.0,1560,4,95,4
sector37.0,850,2,85,2
sector37.0,2358,4,150,4
sector37.0,2358,4,150,4
sector37.0,516,2,65,2
sector37.0,1725,3,120,3
sector37.0,1100,3,91.2,3
sector37.0,1725,3,120,3
sector37.0,1100,3,91.2,3
sector37.0,1457,2,77.2,2
sector37.0,650,2,43,2
sector37.0,650,2,43,2
sector37.0,1700,3,140,3
sector37.0,1875,3,110,3
sector37.0,1300,3,69.3,3
sector37.0,1300,3,69.3,3
sector37.0,1485,4,113,4
sector37.0,700,1,42,1
sector37.0,553,2,47.8,2
sector37.0,1230,3,137,3
sector37.0,1578,2,91.1,2
sector37.0,550,1,50,1
sector37.0,700,1,42,1
sector37.0,553,2,47.8,2
sector37.0,1578,2,91.1,2
sector37.0,550,1,50,1
sector37.0,1912,4,248,4
sector37.0,1488,2,123,2
sector37.0,1565,3,93.9,3
sector37.0,1890,3,207,3
sector37.0,1578,2,86,2
sector37.0,1488,2,123,2
sector37.0,1565,3,93.9,3
sector37.0,1890,3,207,3
sector37.0,1578,2,86,2
sector37.0,900,2,65.8,2
sector37.0,1300,4,150,4
sector37.0,980,2,72,2
sector37.0,1300,4,150,4
sector37.0,980,2,72,2
sector37.0,1097,2,65,2
sector37.0,1097,2,65,2
sector37.0,3400,8,279,8
sector37.0,613,2,52,2
sector37.0,3400,8,279,8
sector37.0,613,2,52,2
sector37.0,2557,3,310,3
sector37.0,2557,3,310,3
sector37.0,1875,4,110,4
sector37.0,1875,4,110,4
sector37.0,1845,4,120,3
sector37.0,1845,4,120,3
sector37.0,913,3,87,2
sector37.0,1578,3,95,2
sector37.0,1650,3,123,3
sector37.0,913,3,87,2
sector37.0,1578,3,95,2
sector37.0,1488,2,122,2
sector37.0,800,3,70,3
sector37.0,2310,3,189,3
sector37.0,1097,2,75,2
sector37.0,2310,3,189,3
sector37.0,1765,3,91.2,3
sector37.0,1845,3,110,3
sector37.0,1765,3,91.2,3
sector37.0,1845,3,110,3
sector37.0,1310,2,69.9,2
sector37.0,1310,2,69.9,2
sector37.0,2100,4,137,4
sector37.0,1500,3,136,3
sector37.0,1800,3,200,3
sector37.0,2100,4,137,4
sector37.0,1500,3,136,3
sector37.0,1800,3,200,3
sector37.0,1500,3,114,3
sector37.0,1500,3,114,3
sector37.0,983,3,107,3
sector37.0,1400,3,115,3
sector37.0,849,2,109,2
sector37.0,1010,3,122,3
sector37.0,1010,3,122,3
sector37.0,1998,4,208,4
sector37.0,1998,4,208,4
sector37.0,1750,4,225,3
sector37.0,516,2,65,2
sector37.0,1457,2,77.2,2
sector37.0,1700,3,140,3
sector37.0,1875,3,110,3
sector37.0,1912,4,248,4
sector37.0,700,3,40,3
sector37.0,613,2,52,2
sector37.0,613,2,52,2
sector37.0,1488,2,122,2
sector37.0,1650,3,123,3
sector37.0,800,3,70,3
sector37.0,1725,3,120,3
sector37.0,1578,2,95,2
sector4.0,481,2,28.8,2
sector4.0,481,2,28.8,2
sector4.0,576,2,50,2
sector4.0,576,2,50,2
sector4.0,480,2,29,2
sector4.0,480,2,29,2
sector4.0,576,2,25,2
sector4.0,576,2,25,2
sector4.0,576,2,27,2
sector4.0,576,2,27,2
sector4.0,480,2,27.9,2
sector4.0,480,2,27.9,2
sector4.0,567,2,26,2
sector4.0,567,2,26,2
other,1946,4,275,4
other,1946,4,275,4
sector42.0,5822,4,2500,4
sector42.0,6080,5,3300,4
sector42.0,6000,5,3200,4
sector42.0,7000,5,3500,4
sector42.0,6080,5,3300,4
sector42.0,5800,5,2440,4
sector42.0,5800,5,2440,4
sector42.0,5822,4,2500,4
sector42.0,5822,4,2500,4
sector42.0,5822,4,2500,4
sector43.0,1624,3,200,3
sector43.0,1624,3,200,3
sector43.0,3250,4,320,4
sector43.0,1800,3,202,4
sector43.0,1850,3,250,4
sector43.0,1900,3,300,4
sector43.0,1800,3,202,4
sector43.0,3000,9,296,9
sector43.0,2460,3,270,3
sector43.0,2460,3,270,3
sector45.0,1600,3,180,3
sector45.0,1356,3,186,3
sector45.0,1356,3,186,3
sector45.0,2700,5,399,4
sector45.0,1500,3,185,3
sector45.0,1500,3,185,3
sector45.0,2300,4,210,4
sector45.0,2300,4,210,4
sector45.0,1600,3,180,3
sector45.0,1600,3,180,3
sector45.0,1600,3,180,3
sector46.0,1650,3,224,3
sector46.0,1650,3,224,3
sector46.0,1500,3,195,3
sector46.0,2167,3,260,3
sector46.0,2167,3,260,3
sector46.0,1300,3,155,3
sector46.0,1300,3,155,3
sector46.0,1500,3,150,3
sector46.0,1500,3,150,3
sector46.0,2750,5,425,4
sector46.0,2750,5,425,4
sector46.0,1124,2,150,2
sector46.0,1124,2,150,2
sector46.0,1500,3,195,3
sector47.0,1400,3,215,3
sector47.0,1400,3,215,3
sector47.0,1430,3,186,3
sector47.0,1430,3,186,3
sector47.0,3450,5,440,4
sector47.0,1215,3,135,3
sector47.0,1215,3,135,3
sector47.0,2050,4,325,4
sector47.0,1500,3,200,3
sector47.0,2050,4,325,4
sector47.0,1500,3,200,3
sector47.0,1800,3,310,3
sector47.0,1800,3,310,3
sector47.0,1150,3,135,3
sector47.0,1500,3,250,3
sector47.0,1400,3,172,3
sector47.0,1400,3,172,3
sector47.0,200,1,16.3,1
sector47.0,1350,3,150,3
sector47.0,200,1,16.3,1
sector47.0,1350,3,150,3
sector47.0,1800,3,125,3
sector47.0,1800,3,125,3
sector47.0,539,1,60.5,1
sector47.0,2200,4,325,4
sector47.0,1980,3,170,3
sector48.0,2175,4,350,4
sector48.0,2600,4,260,4
sector48.0,2400,4,225,4
sector48.0,2400,4,225,4
sector48.0,1869,3,356,3
sector48.0,1869,3,356,3
sector48.0,2345,4,255,3
sector48.0,1960,4,280,3
sector48.0,1960,4,280,3
sector48.0,1750,4,235,4
sector48.0,1750,4,235,4
sector48.0,1400,3,145,3
sector48.0,4200,5,425,5
sector48.0,1600,2,124,3
sector48.0,4200,5,425,5
sector48.0,1600,2,124,3
sector48.0,2200,4,209,4
sector48.0,1850,4,180,4
sector48.0,1850,4,180,4
sector48.0,1910,3,170,3
sector48.0,1910,3,170,3
sector48.0,950,2,87.4,2
sector48.0,1813,3,210,3
sector48.0,1813,3,210,3
sector48.0,2175,4,350,4
sector48.0,2175,4,350,4
sector48.0,2200,4,209,4
sector48.0,2175,4,350,4
sector49.0,3100,2,350,4
sector49.0,3200,4,500,4
sector49.0,3100,2,350,4
sector49.0,3200,4,500,4
sector49.0,1650,3,149,3
sector49.0,2100,4,295,4
sector49.0,2100,4,295,4
sector49.0,2700,4,300,4
sector49.0,1045,2,155,3
sector49.0,1045,2,155,3
sector49.0,1174,4,122,4
sector49.0,1773,3,130,3
sector49.0,2350,4,260,4
sector49.0,1600,3,170,3
sector49.0,2350,4,260,4
sector49.0,1600,3,170,3
sector49.0,2200,4,221,4
sector49.0,2200,4,221,4
sector49.0,3400,5,355,5
sector49.0,3200,5,359,5
sector49.0,1952,3,162,3
sector49.0,3200,5,359,5
sector49.0,3400,5,355,5
sector49.0,1952,3,162,3
sector5.0,500,2,45,2
sector5.0,478,2,32,2
sector5.0,478,2,32,2
sector5.0,645,2,25.6,3
sector5.0,340,1,18,1
sector5.0,340,1,18,1
sector5.0,481,2,27.3,2
sector5.0,481,2,27.3,2
sector5.0,1100,4,63,4
sector5.0,1100,4,63,4
sector5.0,481,2,19.7,2
sector5.0,481,2,19.7,2
sector5.0,500,2,29.1,2
sector5.0,480,2,28,2
sector5.0,481,2,23.3,2
sector5.0,500,2,29.1,2
sector50.0,2800,4,375,4
sector50.0,2800,4,375,4
sector50.0,2700,4,400,4
sector50.0,2700,4,400,4
sector50.0,1600,3,270,3
sector50.0,1600,3,270,3
sector50.0,3600,5,399,4
sector50.0,3600,5,399,4
sector50.0,1662,3,190,3
sector50.0,1662,3,190,3
sector50.0,1040,2,125,2
sector50.0,1040,2,125,2
sector50.0,1000,2,110,2
sector50.0,1000,2,110,2
sector50.0,1040,2,145,2
sector50.0,1040,2,145,2
sector50.0,1750,3,195,3
sector50.0,1620,3,185,3
sector50.0,1620,3,185,3
sector50.0,2170,3,336,4
sector50.0,2170,3,336,4
sector50.0,7100,5,1400,5
sector50.0,7100,5,1400,5
sector50.0,1750,3,195,3
sector51.0,1600,3,190,3
sector51.0,1600,3,190,3
sector51.0,2300,5,260,4
sector51.0,2300,5,260,4
sector51.0,1620,3,185,3
sector51.0,1620,3,185,3
sector51.0,3000,4,325,4
sector51.0,3000,4,325,4
sector51.0,1400,3,162,3
sector51.0,1850,3,174,3
sector51.0,1850,3,174,3
sector51.0,1800,3,200,3
sector51.0,2800,4,265,4
sector51.0,2800,4,265,4
sector51.0,1165,3,115,3
sector51.0,1165,3,115,3
sector51.0,2800,4,250,4
sector51.0,2800,4,250,4
sector51.0,1400,3,162,3
sector51.0,1800,3,200,3
sector52.0,1400,3,150,3
sector52.0,1400,3,150,3
sector52.0,3250,4,305,4
sector52.0,3250,4,305,4
sector52.0,1575,4,140,4
sector52.0,1250,3,137,3
sector52.0,1250,3,137,3
sector52.0,2000,4,250,4
sector52.0,2000,4,250,4
sector52.0,1500,3,185,3
sector52.0,1500,3,185,3
sector52.0,1000,2,85,2
sector52.0,1575,4,175,4
sector52.0,1575,4,175,4
sector52.0,2250,4,188,4
sector52.0,1560,4,160,4
sector52.0,2250,4,188,4
sector52.0,1560,4,160,4
sector52.0,3046,5,290,5
sector52.0,2500,5,298,5
sector52.0,2500,5,298,5
sector52.0,1575,4,140,4
sector52.0,1000,2,85,2
sector52.0,3046,5,290,5
sector53.0,2209,3,500,3
sector53.0,2209,3,500,3
sector53.0,2775,5,885,4
sector53.0,2775,5,885,4
sector53.0,6000,5,1092,5
sector53.0,6000,5,1092,5
sector53.0,6000,4,1000,5
sector53.0,5000,5,1000,5
sector53.0,5000,4,900,5
sector53.0,6000,3,900,5
sector54.0,2721,4,750,4
sector54.0,2721,4,750,4
sector54.0,2200,5,370,4
sector54.0,2200,5,370,4
sector54.0,2500,4,600,4
sector54.0,2500,4,600,4
sector54.0,1640,3,310,3
sector54.0,3000,5,550,4
sector54.0,1640,3,310,3
sector54.0,3000,5,550,4
sector54.0,1340,4,180,4
sector54.0,2318,3,565,3
sector54.0,2318,3,565,3
sector54.0,4200,5,900,4
sector54.0,4200,5,900,4
sector54.0,2420,4,580,4
sector54.0,2420,4,580,4
sector54.0,1800,3,285,3
sector54.0,1800,3,285,3
sector55.0,3700,4,450,4
sector55.0,3700,4,450,4
sector55.0,1425,3,199,3
sector55.0,1425,3,199,3
sector55.0,1500,3,210,3
sector55.0,1650,3,165,3
sector55.0,1514,3,178,3
sector55.0,1514,3,178,3
sector55.0,1535,3,190,3
sector55.0,1535,3,190,3
sector56.0,1300,3,100,3
sector56.0,1500,3,220,3
sector56.0,1300,3,100,3
sector56.0,1500,3,220,3
sector56.0,2050,4,190,3
sector56.0,2050,4,190,3
sector56.0,1900,4,155,4
sector56.0,1900,4,155,4
sector56.0,2300,4,330,4
sector56.0,2100,3,180,3
sector56.0,3400,5,400,5
sector56.0,2300,4,330,4
sector56.0,2100,3,180,3
sector56.0,1000,2,85,2
sector56.0,1000,2,85,2
sector56.0,1645,3,145,3
sector56.0,1645,3,145,3
sector56.0,1875,3,180,4
sector56.0,1875,3,180,4
sector57.0,1562,3,220,3
sector57.0,2100,4,290,4
sector57.0,2100,4,290,4
sector57.0,3200,4,460,4
sector57.0,3200,4,460,4
sector57.0,3500,4,425,4
sector57.0,3500,4,425,4
sector57.0,1625,4,225,4
sector57.0,1625,4,225,4
sector57.0,1100,2,110,2
sector57.0,2500,3,255,4
sector57.0,1100,2,110,2
sector57.0,2500,3,255,4
sector57.0,2210,4,275,4
sector57.0,1250,3,115,3
sector57.0,2210,4,275,4
sector57.0,1250,3,115,3
sector57.0,3600,4,425,4
sector57.0,3600,4,425,4
sector57.0,2800,5,350,5
sector57.0,2800,5,350,5
sector57.0,300,1,40,1
sector57.0,1350,2,150,3
sector57.0,2000,4,285,4
sector57.0,2200,4,250,4
sector57.0,1446,2,167,2
sector57.0,1350,2,150,3
sector57.0,2000,4,285,4
sector57.0,2200,4,250,4
sector57.0,1850,3,205,3
sector57.0,1600,3,200,3
sector57.0,850,2,85,2
sector57.0,819,2,96,2
sector57.0,1500,3,158,3
sector57.0,1500,3,158,3
sector57.0,1250,3,180,3
sector57.0,1250,3,180,3
sector57.0,3200,4,425,4
sector57.0,3200,4,425,4
sector57.0,1269,3,132,3
sector57.0,1269,3,132,3
sector57.0,2293,3,246,3
sector57.0,1638,4,250,4
sector57.0,1562,3,220,3
sector57.0,300,1,40,1
sector57.0,1850,3,205,3
sector57.0,1446,2,167,2
sector57.0,2293,3,246,3
sector57.0,2000,3,240,3
sector57.0,1638,4,250,4
sector57.0,1562,3,220,3
sector59.0,5000,10,854,5
sector59.0,5000,10,854,5
sector59.0,3625,4,740,4
sector59.0,2595,3,430,3
sector59.0,2400,4,565,3
sector59.0,2595,3,430,3
sector59.0,2400,4,565,3
sector59.0,3640,4,740,4
sector59.0,3640,4,740,4
sector59.0,2200,4,594,3
sector59.0,2200,4,594,3
sector59.0,2675,3,550,3
sector59.0,2675,3,550,3
sector59.0,2600,4,678,4
sector59.0,2600,4,678,4
sector59.0,5000,10,854,5
sector6.0,1250,3,65,3
sector6.0,1250,3,65,3
sector6.0,629,2,40,2
sector6.0,629,2,40,2
sector6.0,400,1,30,1
sector6.0,400,1,30,1
sector6.0,629,2,36,2
sector6.0,700,2,36,2
sector6.0,700,2,36,2
sector6.0,629,2,36,2
sector60.0,1950,3,305,3
sector60.0,1950,3,305,3
sector60.0,1500,3,325,3
sector60.0,1500,3,325,3
sector60.0,1065,2,230,2
sector60.0,1670,3,260,3
sector60.0,1670,3,260,3
sector60.0,2200,4,403,4
sector60.0,2200,4,403,4
sector60.0,1535,2,220,2
sector60.0,1535,2,220,2
sector61.0,1200,3,190,3
sector61.0,1200,3,190,3
sector61.0,1150,2,163,2
sector61.0,1150,2,163,2
sector61.0,1795,3,265,3
sector61.0,1200,2,179,2
sector61.0,1200,2,179,2
sector61.0,1630,3,214,3
sector61.0,1630,3,225,3
sector61.0,1630,3,225,3
sector61.0,1630,3,244,3
sector61.0,1630,3,244,3
sector61.0,1650,3,240,3
sector61.0,1650,3,240,3
sector61.0,1630,3,228,3
sector61.0,1398,3,225,3
sector61.0,1398,3,225,3
sector61.0,1630,3,214,3
sector61.0,1630,3,228,3
sector62.0,3100,4,715,4
sector62.0,1800,4,414,3
sector62.0,2589,3,440,3
sector62.0,2589,3,440,3
sector62.0,2123,3,382,3
sector62.0,2123,3,382,3
sector62.0,2200,3,430,3
sector62.0,2200,3,430,3
sector62.0,2124,3,425,3
sector62.0,2124,3,425,3
sector62.0,1700,3,381,3
sector62.0,1700,3,381,3
sector62.0,1510,3,374,3
sector62.0,1750,4,365,4
sector62.0,1750,4,365,4
sector62.0,1510,3,374,3
sector62.0,1750,4,365,4
sector63.0,1400,3,180,3
sector63.0,2050,3,388,3
sector63.0,2050,3,388,3
sector63.0,1470,3,243,3
sector63.0,1470,3,243,3
sector63.0,2800,3,410,3
sector63.0,1470,3,227,3
sector63.0,1570,3,207,3
sector63.0,1190,3,230,3
sector63.0,1570,3,207,3
sector63.0,1190,3,230,3
sector63.0,3300,4,385,4
sector63.0,2700,5,580,5
sector63.0,3300,4,385,4
sector63.0,2700,5,580,5
sector63.0,2000,4,310,4
sector63.0,1600,3,190,3
sector63.0,1717,3,250,3
sector63.0,1870,3,270,3
sector63.0,1870,3,270,3
sector63.0,3900,4,800,4
sector63.0,1330,3,269,3
sector63.0,3900,4,800,4
sector63.0,1330,3,269,3
sector63.0,3123,4,523,4
sector63.0,3123,4,523,4
sector63.0,3950,4,710,4
sector63.0,3950,4,710,4
sector63.0,1305,3,200,3
sector63.0,1600,3,190,3
sector63.0,3900,4,800,4
sector63.0,3900,4,800,4
sector63.0,1070,2,161,2
sector63.0,1070,2,161,2
sector63.0,3900,4,791,4
sector63.0,3900,4,791,4
sector63.0,1540,3,222,3
sector63.0,1540,3,222,3
sector63.0,600,1,113,1
sector63.0,1593,3,220,3
sector63.0,1593,3,220,3
sector63.0,1400,3,270,3
sector63.0,1400,3,270,3
sector63.0,1036,3,180,3
sector63.0,1036,3,180,3
sector63.0,1400,3,180,3
sector63.0,1400,3,180,3
sector63.0,600,1,113,1
sector63.0,1400,3,180,3
sector63.0,2050,3,388,3
other,2450,4,181,4
other,2450,4,181,4
other,2700,4,171,4
other,1635,3,160,3
other,1635,3,160,3
sector65.0,1310,2,187,2
sector65.0,2150,4,350,4
sector65.0,2150,4,350,4
sector65.0,1750,4,250,4
sector65.0,4992,5,900,4
sector65.0,1750,4,250,4
sector65.0,4992,5,900,4
sector65.0,1650,3,250,3
sector65.0,2850,5,370,4
sector65.0,1650,3,250,3
sector65.0,2850,5,370,4
sector65.0,3494,3,600,3
sector65.0,1080,2,145,2
sector65.0,1180,3,195,3
sector65.0,3494,3,600,3
sector65.0,1080,2,145,2
sector65.0,2500,3,576,3
sector65.0,2500,3,576,3
sector65.0,4300,5,970,4
sector65.0,1850,4,280,4
sector65.0,1380,3,195,3
sector65.0,1380,3,195,3
sector65.0,1620,3,249,3
sector65.0,802,2,176,2
sector65.0,802,2,176,2
sector65.0,1650,3,280,3
sector65.0,1125,3,180,3
sector65.0,2050,3,320,3
sector65.0,3000,4,400,4
sector65.0,3000,4,400,4
sector65.0,3000,3,700,3
sector65.0,3000,3,700,3
sector65.0,3887,5,600,3
sector65.0,3887,5,600,3
sector65.0,1750,3,230,4
sector65.0,1750,3,230,4
sector65.0,3000,4,375,4
sector65.0,810,2,189,2
sector65.0,3000,4,375,4
sector65.0,810,2,189,2
sector65.0,1250,3,190,3
sector65.0,1828,3,300,3
sector65.0,1828,3,300,3
sector65.0,1516,3,209,2
sector65.0,2725,4,550,4
sector65.0,1516,3,209,2
sector65.0,2725,4,550,4
sector65.0,1828,3,280,3
sector65.0,1828,3,280,3
sector65.0,1310,2,187,2
sector65.0,1310,2,187,2
sector65.0,1620,3,249,3
sector65.0,1650,3,280,3
sector65.0,1125,3,180,3
sector65.0,2050,3,320,3
sector65.0,1250,3,190,3
sector65.0,1310,2,187,2
sector65.0,2150,4,350,4
sector66.0,2550,3,405,3
sector66.0,3660,4,671,4
sector66.0,2550,3,405,3
sector66.0,3660,4,671,4
sector66.0,1472,4,270,3
sector66.0,1472,4,270,3
sector66.0,1800,3,299,3
sector66.0,1800,3,299,3
sector66.0,1490,4,265,3
sector66.0,1490,4,265,3
sector66.0,1600,3,290,3
sector66.0,1600,3,290,3
sector66.0,2410,4,360,4
sector66.0,2100,4,330,4
sector66.0,2100,4,330,4
sector66.0,1280,2,190,2
sector66.0,1280,2,190,2
sector66.0,2666,4,440,4
sector66.0,2666,4,440,4
sector66.0,3035,3,562,3
sector66.0,3035,3,562,3
sector66.0,2550,3,405,3
sector67.0,2150,4,225,4
sector67.0,2100,4,190,4
sector67.0,2100,4,190,4
sector67.0,1950,4,300,4
sector67.0,2271,4,350,3
sector67.0,1800,3,215,4
sector67.0,1950,4,300,4
sector67.0,2271,4,350,3
sector67.0,1800,3,215,4
sector67.0,1800,4,180,4
sector67.0,1875,4,170,4
sector67.0,1875,4,170,4
sector67.0,1900,4,345,3
sector67.0,2500,4,300,4
sector67.0,1900,4,345,3
sector67.0,2500,4,300,4
sector67.0,2000,4,185,4
sector67.0,2000,4,185,4
sector67.0,1800,3,325,3
sector67.0,1800,3,325,3
sector67.0,1800,4,215,4
sector67.0,1800,4,215,4
sector67.0,2385,3,365,3
sector67.0,2385,3,365,3
sector67.0,1476,3,200,3
sector67.0,1476,3,200,3
sector67.0,2408,4,275,3
sector67.0,2408,4,275,3
sector67.0,700,2,61,2
sector67.0,700,2,61,2
sector67.0,1100,2,160,2
sector67.0,1100,2,160,2
sector67.0,3400,4,525,4
sector67.0,700,2,60,2
sector67.0,3400,4,525,4
sector67.0,700,2,60,2
sector67.0,1550,4,185,4
sector67.0,1550,4,185,4
sector67.0,2200,3,400,3
sector67.0,2200,3,400,3
sector67.0,200,1,24,1
sector67.0,2200,4,205,4
sector67.0,2200,4,205,4
sector67.0,5039,5,850,5
sector67.0,5039,5,850,5
sector67.0,691,2,55.2,2
sector67.0,691,2,55.2,2
sector67.0,2365,4,290,4
sector67.0,1394,3,117,3
sector67.0,2365,4,290,4
sector67.0,1394,3,117,3
sector67.0,2200,4,205,4
sector67.0,5900,4,900,4
sector67.0,2200,4,205,4
sector67.0,5900,4,900,4
sector67.0,3192,4,445,4
sector67.0,3192,4,445,4
sector67.0,1123,2,150,2
sector67.0,591,2,59.8,2
sector67.0,1850,4,175,4
sector67.0,1123,2,150,2
sector67.0,591,2,59.8,2
sector67.0,1850,4,175,4
sector67.0,1500,3,140,3
sector67.0,2300,3,225,3
sector67.0,2150,4,225,4
sector67.0,2150,4,225,4
sector67.0,200,1,24,1
sector67.0,1500,3,140,3
sector67.0,2150,4,225,4
sector67.0,2100,4,190,4
sector68.0,1750,3,160,3
sector68.0,1750,3,160,3
sector68.0,1623,3,219,3
sector68.0,1999,4,195,4
sector68.0,1520,3,170,3
sector68.0,1260,2,112,2
sector68.0,1260,2,112,2
sector68.0,1245,2,87.4,2
sector68.0,1245,2,87.4,2
sector68.0,1999,4,170,4
sector68.0,1999,4,170,4
sector68.0,1245,2,92,2
sector68.0,1245,2,92,2
sector68.0,1180,2,85,2
sector68.0,1180,2,85,2
sector68.0,1450,3,118,3
sector68.0,1450,3,118,3
sector68.0,1999,4,195,4
sector68.0,1460,3,156,3
sector68.0,1245,2,92,2
sector68.0,1245,2,92,2
sector68.0,1270,2,116,2
sector69.0,1850,4,230,4
sector69.0,1850,4,260,4
sector69.0,3156,4,450,4
sector69.0,3156,4,450,4
sector69.0,1000,3,100,3
sector69.0,1000,3,100,3
sector69.0,1500,3,175,3
sector69.0,1500,3,175,3
sector69.0,1740,3,185,3
sector69.0,1740,3,185,3
sector69.0,1850,4,230,4
sector7.0,750,2,45,2
sector7.0,750,2,45,2
sector7.0,800,3,46.5,3
sector7.0,800,3,46.5,3
sector7.0,900,2,62,2
sector7.0,900,2,62,2
sector7.0,1650,3,114,3
sector7.0,1650,3,114,3
sector7.0,2600,4,209,4
sector7.0,900,2,62,2
sector70.0,1780,4,189,4
sector70.0,1780,4,189,4
sector70.0,1365,3,155,3
sector70.0,1365,3,155,3
sector70.0,1000,3,100,3
sector70.0,1000,3,100,3
sector70.0,2150,3,275,3
sector70.0,2150,3,275,3
sector70.0,1290,3,140,2
sector70.0,1290,3,140,2
sector70.0,1500,3,130,3
sector70.0,1500,3,130,3
sector70.0,1800,4,245,4
sector70.0,2400,4,290,4
sector70.0,2400,4,290,4
sector70.0,578,2,47.4,2
sector70.0,578,2,47.4,2
sector70.0,1400,3,135,3
sector70.0,1400,3,135,3
sector70.0,1475,3,170,3
sector70.0,2000,4,255,4
sector70.0,1475,3,170,3
sector70.0,1100,2,124,2
sector70.0,2512,3,270,3
sector70.0,2512,3,270,3
sector70.0,1514,2,146,2
sector70.0,1514,2,146,2
sector70.0,1149,3,120,3
sector70.0,1149,3,120,3
sector70.0,1800,4,245,4
sector70.0,1100,2,124,2
sector70.0,2000,4,255,4
sector71.0,1935,4,165,4
sector71.0,1935,4,165,4
sector71.0,1700,4,123,4
sector71.0,1700,4,123,4
sector71.0,1750,5,160,4
sector71.0,1750,5,160,4
sector71.0,1800,5,132,4
sector71.0,1800,5,132,4
sector71.0,400,1,40,1
sector71.0,400,1,40,1
sector71.0,1743,3,150,3
sector71.0,1743,3,150,3
sector72.0,1800,4,380,3
sector72.0,1800,4,380,3
sector72.0,2550,3,410,3
sector72.0,2550,3,410,3
sector72.0,2563,4,425,4
sector72.0,2500,4,400,4
sector72.0,2563,3,400,4
sector72.0,2563,4,390,3
sector72.0,2550,4,410,4
sector72.0,2500,3,400,4
sector76.0,1350,3,157,3
sector76.0,1350,3,157,3
sector76.0,2700,4,414,3
sector76.0,2880,4,400,4
sector76.0,2880,4,400,4
sector76.0,1310,2,124,3
sector76.0,1310,2,124,3
sector76.0,1800,3,296,3
sector76.0,1800,3,296,3
sector76.0,1650,3,185,3
sector76.0,2700,4,414,3
sector77.0,1650,3,175,3
sector77.0,1650,3,175,3
sector77.0,1100,3,137,3
sector77.0,1100,3,137,3
sector77.0,1650,3,190,3
sector77.0,1650,3,190,3
sector77.0,1600,3,210,3
sector77.0,1600,3,210,3
sector77.0,2000,4,230,3
sector77.0,2000,4,230,3
sector77.0,1800,3,210,3
sector77.0,1800,3,210,3
sector77.0,1950,4,225,4
sector77.0,1950,4,225,4
sector77.0,2000,4,230,3
sector77.0,2000,4,230,3
sector79.0,1950,4,200,3
sector79.0,900,2,114,2
sector79.0,1700,3,190,3
sector79.0,1518,3,160,3
sector79.0,1518,3,160,3
sector79.0,1750,3,182,3
sector79.0,1600,5,171,3
sector79.0,1600,5,171,3
sector79.0,1325,3,115,3
sector79.0,1325,3,115,3
sector79.0,1138,2,104,2
sector79.0,1138,2,104,2
sector79.0,1138,2,115,2
sector79.0,1138,2,115,2
sector79.0,1518,3,143,3
sector79.0,1518,3,143,3
sector79.0,2289,3,260,3
sector79.0,1525,3,125,3
sector79.0,1450,2,153,2
sector79.0,2289,3,260,3
sector79.0,1525,3,125,3
sector79.0,1900,3,199,3
sector79.0,1500,2,180,2
sector79.0,1500,2,180,2
sector79.0,1500,3,175,3
sector79.0,1500,3,175,3
sector79.0,2675,4,260,4
sector79.0,1030,2,129,2
sector79.0,1030,2,129,2
sector79.0,1138,2,115,2
sector79.0,1400,3,149,3
sector79.0,1138,2,115,2
sector79.0,1400,3,149,3
sector79.0,1530,2,110,2
sector79.0,473,2,43.7,2
sector79.0,473,2,43.7,2
sector79.0,1000,3,126,3
sector79.0,1000,3,126,3
sector79.0,1725,3,180,3
sector79.0,1725,3,180,3
sector79.0,1572,3,130,3
sector79.0,1100,2,130,2
sector79.0,1950,4,200,3
sector79.0,900,2,114,2
sector79.0,1700,3,190,3
sector79.0,1950,4,200,3
sector79.0,900,2,114,2
sector79.0,1700,3,190,3
sector79.0,1450,2,153,2
sector79.0,1900,3,199,3
sector79.0,1530,2,110,2
sector79.0,1572,3,130,3
sector79.0,1950,4,200,3
sector79.0,900,2,114,2
sector79.0,1700,3,190,3
sector81.0,1095,2,110,3
sector81.0,1095,2,110,3
sector81.0,1101,2,97,2
sector81.0,1101,2,97,2
sector81.0,645,3,50,3
sector81.0,2103,3,300,3
sector81.0,450,1,32.5,1
sector81.0,1225,2,69.6,2
sector81.0,3000,4,380,4
sector81.0,3000,4,380,4
sector81.0,1225,2,69.6,2
sector82.0,1280,3,120,3
sector82.0,1280,3,120,3
sector82.0,1600,3,158,3
sector82.0,1600,3,158,3
sector82.0,3960,5,300,5
sector82.0,3960,5,300,5
sector82.0,1100,2,90,2
sector82.0,1100,2,90,2
sector82.0,1298,3,100,3
sector82.0,1298,3,100,3
sector82.0,1790,3,130,3
sector82.0,1790,3,130,3
sector82.0,1500,3,133,3
sector82.0,1390,3,130,3
sector82.0,1390,3,130,3
sector82.0,1790,3,130,3
sector82.0,1500,3,133,3
sector83.0,1900,3,195,3
sector83.0,1900,3,195,3
sector83.0,1400,3,120,3
sector83.0,1400,3,120,3
sector83.0,1450,3,137,3
sector83.0,1720,3,180,3
sector83.0,1450,3,137,3
sector83.0,1720,3,180,3
sector83.0,1400,3,155,3
sector83.0,1400,3,155,3
sector83.0,1085,2,90,2
sector83.0,1085,2,90,2
sector83.0,1500,3,122,3
sector83.0,1500,3,122,3
sector83.0,2700,3,220,3
sector83.0,2700,3,220,3
sector83.0,1450,2,120,3
sector83.0,950,2,99,2
sector83.0,950,2,99,2
sector83.0,1720,3,165,3
sector83.0,1720,3,165,3
sector83.0,1900,3,200,3
sector83.0,1750,3,130,3
sector83.0,1900,3,200,3
sector83.0,1200,3,108,3
sector83.0,1400,3,115,3
sector83.0,1200,3,108,3
sector83.0,1400,3,115,3
sector83.0,1150,3,111,3
sector83.0,1150,3,111,3
sector83.0,1100,3,114,3
sector83.0,1100,3,114,3
sector83.0,1130,3,115,3
sector83.0,1130,3,115,3
sector83.0,1735,3,165,3
sector83.0,1735,3,165,3
sector84.0,1050,3,120,3
sector84.0,1050,3,120,3
sector84.0,1350,2,121,2
sector84.0,1350,2,121,2
sector84.0,1150,3,85,3
sector84.0,1150,3,85,3
sector84.0,1350,3,79.9,3
sector84.0,1350,3,79.9,3
sector84.0,1241,4,100,4
sector84.0,2741,4,205,4
sector84.0,2741,4,205,4
sector84.0,1350,3,85,3
sector84.0,1240,3,145,3
sector84.0,2000,3,150,3
sector84.0,1260,3,110,3
sector85.0,2812,4,250,4
sector85.0,2812,4,250,4
sector85.0,2000,3,265,3
sector85.0,2000,3,265,3
sector85.0,1405,2,135,2
sector85.0,1405,2,135,2
sector85.0,1806,3,216,3
sector85.0,1806,3,216,3
sector85.0,2003,4,250,4
sector85.0,2003,4,250,4
sector85.0,2812,4,250,4
sector85.0,2250,4,185,4
sector85.0,2812,4,250,4
sector85.0,1240,4,165,3
sector85.0,1240,4,165,3
sector85.0,3000,5,350,5
sector85.0,2100,3,240,4
sector85.0,2100,3,240,4
sector85.0,2560,4,225,5
sector85.0,2560,4,225,5
sector85.0,1830,3,195,3
sector85.0,1830,3,195,3
sector85.0,3000,5,350,5
other,1895,3,185,3
other,2100,5,185,4
other,2100,5,185,4
other,1895,3,230,3
other,1895,3,230,3
sector88.0,1100,2,110,2
sector88.0,1100,2,110,2
sector88.0,1480,3,156,3
sector88.0,1479,2,150,2
sector88.0,381,1,26,1
sector88.0,381,1,26,1
sector88.0,2059,3,144,3
sector88.0,2059,3,144,3
sector88.0,800,3,60,3
sector88.0,1463,2,125,2
sector88.0,1479,2,150,2
sector88.0,1463,2,125,2
sector89.0,1200,3,95,2
sector89.0,1200,3,95,2
sector89.0,1103,2,88,2
sector89.0,1103,2,88,2
sector89.0,2150,4,185,3
sector89.0,2150,4,185,3
sector89.0,900,2,95,2
sector89.0,900,2,95,2
sector89.0,890,2,92,2
sector89.0,890,2,92,2
sector89.0,1067,3,123,3
sector89.0,1543,3,131,3
sector89.0,1543,3,131,3
sector89.0,1423,3,115,3
sector89.0,1423,3,115,3
sector89.0,1580,3,130,3
sector89.0,1580,3,130,3
sector89.0,1100,2,95,2
sector89.0,1100,2,95,2
sector89.0,1423,3,116,3
sector89.0,2050,3,165,3
sector89.0,1423,3,116,3
sector89.0,1423,3,140,3
sector89.0,1423,3,140,3
sector89.0,1423,4,133,3
sector89.0,1423,4,133,3
sector89.0,1130,2,83.7,2
sector89.0,1130,2,83.7,2
sector89.0,1423,4,104,4
sector89.0,1423,4,104,4
sector89.0,1750,3,150,3
sector89.0,1750,3,150,3
sector89.0,1423,3,105,3
sector89.0,1423,3,105,3
sector89.0,2050,3,165,3
other,1350,3,98,3
other,1350,3,98,3
other,1450,4,120,4
other,1450,4,120,4
other,1350,3,138,3
other,1350,3,138,3
other,320,1,27,1
other,320,1,27,1
sector92.0,1500,4,98,4
sector92.0,1500,4,98,4
sector92.0,640,3,41,3
sector92.0,640,3,41,3
sector92.0,1800,4,97,4
sector92.0,1800,4,97,4
sector92.0,1432,3,92,3
sector92.0,1432,3,92,3
sector92.0,1050,2,81,2
sector92.0,1050,3,90,3
sector92.0,1050,3,90,3
sector92.0,2093,4,130,4
sector92.0,1432,2,91,3
sector92.0,2093,4,130,4
sector92.0,1432,2,91,3
sector92.0,1224,3,65,3
sector92.0,1224,3,65,3
sector92.0,1091,3,90.1,3
sector92.0,1250,4,92,4
sector92.0,1250,4,92,4
sector92.0,1091,3,86.5,3
sector92.0,1091,3,86.5,3
sector92.0,1900,4,160,4
sector92.0,1197,2,78.1,2
sector92.0,1900,4,160,4
sector92.0,1063,2,57,2
sector92.0,1851,3,111,3
sector92.0,1851,3,102,3
sector92.0,645,3,55.8,3
sector92.0,1851,3,102,3
sector92.0,645,3,55.8,3
sector92.0,1523,3,82,3
sector92.0,1523,3,82,3
sector92.0,1320,2,88,2
sector92.0,1197,2,98,2
sector92.0,1197,2,98,2
sector92.0,1432,3,111,3
sector92.0,1091,3,90.1,3
sector92.0,1197,2,78.1,2
sector92.0,1063,2,57,2
sector92.0,1320,2,88,2
sector92.0,1628,3,92,3
sector92.0,1851,3,111,3
sector92.0,1432,3,111,3
sector92.0,1432,3,111,3
sector93.0,1566,3,112,3
sector93.0,1566,3,112,3
sector93.0,641,2,49.1,2
sector93.0,641,2,49.1,2
sector93.0,1530,3,160,3
sector93.0,1278,2,96,2
sector93.0,900,2,101,2
sector93.0,900,2,101,2
sector93.0,1530,3,160,3
sector93.0,1278,2,96,2
sector95.0,645,3,45,3
sector95.0,645,3,45,3
sector95.0,366,1,20,1
sector95.0,366,1,20,1
sector95.0,645,3,41.9,3
sector95.0,645,3,41.9,3
sector95.0,430,1,23,1
sector95.0,430,1,23,1
sector95.0,2561,4,130,4
sector95.0,2561,4,130,4
sector95.0,398,1,19.5,1
sector95.0,398,1,19.5,1
sector95.0,410,1,20.7,1
sector95.0,560,2,27,2
sector95.0,410,1,20.7,1
sector95.0,560,2,27,2
sector95.0,514,2,30,2
sector95.0,514,2,30,2
sector95.0,357,1,17.3,1
sector95.0,357,1,17.3,1
sector95.0,1500,3,125,3
sector95.0,1128,2,75,2
sector95.0,1500,3,125,3
sector95.0,1128,2,75,2
sector95.0,450,1,24.4,1
sector95.0,450,1,24.4,1
sector95.0,560,2,27,2
sector95.0,560,2,27,2
sector95.0,990,2,48,2
sector99.0,1465,5,152,4
sector99.0,1465,5,86,4
sector99.0,550,2,265,2
sector99.0,550,2,71.05,2
sector99.0,1220,3,78,3
sector99.0,550,2,273,2
sector99.0,1685,3,310,3
sector99.0,1685,3,95,3
sector99.0,1310,2,89.5,2
sector99.0,1310,2,156,2
sector99.0,1220,3,70,3
